<?xml version="1.0" encoding="UTF-8"?>
<beans xmlns="http://www.springframework.org/schema/beans"
	xmlns:aop="http://www.springframework.org/schema/aop" xmlns:p="http://www.springframework.org/schema/p"
	xmlns:xsi="http://www.w3.org/2001/XMLSchema-instance" xmlns:util="http://www.springframework.org/schema/util"
	xmlns:tx="http://www.springframework.org/schema/tx" xmlns:context="http://www.springframework.org/schema/context"
	xsi:schemaLocation="http://www.springframework.org/schema/aop http://www.springframework.org/schema/aop/spring-aop.xsd
		http://www.springframework.org/schema/batch http://www.springframework.org/schema/batch/spring-batch-2.1.xsd
		http://www.springframework.org/schema/beans http://www.springframework.org/schema/beans/spring-beans-2.5.xsd
		http://www.springframework.org/schema/util http://www.springframework.org/schema/util/spring-util-2.5.xsd
		http://www.springframework.org/schema/tx http://www.springframework.org/schema/tx/spring-tx-3.0.xsd
		http://www.springframework.org/schema/context http://www.springframework.org/schema/context/spring-context-3.0.xsd
		">
	<!-- 加载数据库配置文件 -->
	<bean id="propertyConfigurer"
		class="org.springframework.beans.factory.config.PropertyPlaceholderConfigurer">
		<property name="locations">
			<list>
				<value>classpath:dbconfig.properties</value>
			</list>
		</property>
	</bean>
	<bean id="datasource"
		class="org.springframework.jdbc.datasource.DriverManagerDataSource">
		<property name="driverClassName" value="${driver}" />
		<property name="url" value="${dburl}" />
		<property name="username" value="${user}" />
<!-- 		<property name="password" value="${password}" /> -->
	</bean>

	<!-- Session 的创建 -->
	<bean id="sessionFactory"
		class="org.springframework.orm.hibernate3.annotation.AnnotationSessionFactoryBean">
		<property name="dataSource" ref="datasource" />
		<property name="hibernateProperties">
			<props>
				<prop key="hibernate.hbm2ddl.auto">update</prop>
				<prop key="hibernate.dialect">org.hibernate.dialect.MySQLDialect</prop>
				<!-- <prop key="hibernate.show_sql">true</prop> -->
				<!-- <prop key="hibernate.format_sql">true</prop> -->
			</props>
		</property>
		<property name="packagesToScan" value="com.hand.entity" />
	</bean>
	<bean id="transactionManager"
		class="org.springframework.orm.hibernate3.HibernateTransactionManager">
		<property name="sessionFactory" ref="sessionFactory" />
	</bean>
	<!-- 开启事务管理 -->
	<tx:annotation-driven transaction-manager="transactionManager" />

	<bean id="customerDao" class="com.hand.dao.impl.CustomerImpl">
		<property name="sessionFactory" ref="sessionFactory" />
	</bean>

	<bean id="customerService" class="com.hand.service.impl.CustomerServiceImpl">
		<property name="customerDao" ref="customerDao"></property>
	</bean>

	<bean id="changeToJson" class="com.hand.service.impl.ChangeToJson">
		<property name="customerService" ref="customerService" />
	</bean>

	<bean id="customerAction" class="com.hand.actions.CustoemrAction">
		<property name="customerService" ref="customerService" />
		<property name="changeToJson" ref="changeToJson"></property>
	</bean>

	<bean id="app" class="com.hand.Test">
		<property name="customerService" ref="customerService" />
		<property name="changeToJson" ref="changeToJson"></property>
	</bean>
</beans>