<?xml version="1.0" encoding="UTF-8"?>
<!DOCTYPE struts PUBLIC
"-//Apache Software Foundation//DTD Struts Configuration 2.0//EN"
"http://struts.apache.org/dtds/struts-2.0.dtd">
<struts>
	<!-- 开发提示：出错时打印更详细的信息 -->
	<constant name="struts.devMode" value="true" />
	<!--当struts.xml配置文件修改后，系统是否重新加载该文件，开发阶段打开此功能 -->
	<constant name="struts.configuration.xml.reload" value="true" />
	<!-- 允许调用静态方法 -->
	<constant name="struts.ognl.allowStaticMethodAccess" value="true" />
	<constant name="struts.i18n.encoding" value="UTF-8" />
	<constant name="struts.custom.i18n.resources" value="global" />
	<!--设置浏览器是否缓存静态内容，建议：开发阶段关闭，运行时开启 -->
	<constant name="struts.serve.static.browserCache" value="false" />

	<package name="Customer" namespace="/Customer" extends="struts-default">
		<!-- 登录验证 -->
		<interceptors>
			<interceptor name="auth" class="com.hand.interceptor.AuthInterceptor">
			</interceptor>
			<interceptor-stack name="authStack">
				<interceptor-ref name="auth"></interceptor-ref>
				<interceptor-ref name="defaultStack"></interceptor-ref>
			</interceptor-stack>
		</interceptors>

		<action name="login" class="customerAction" method="checkLogin">
			<result name="loginSuccess">/index.jsp</result>
			<result name="loginFailure">/error.jsp</result>
		</action>
		<action name="info" class="customerAction" method="infoCustomer"></action>
		<action name="add" class="customerAction" method="addCustomer"></action>
		<action name="dele" class="customerAction" method="deleCustomer"></action>
		<action name="edit" class="customerAction" method="editCustomer"></action>
	</package>
</struts>